fecha,provincia,departamento,carneros,ovejas,borregos,capones,cordero/as,total_ovinos,kilos_lana,finura,rinde,humedad,cant_lluvia,tem_max,temp_media,temp_min
2012-12-31,CHUBUT,BIEDMA,5785,93378,30168,48447,16071,193849,649130.0,19.8,58.06,58.4,46.4,18.1,12.4,6.7
2013-12-31,CHUBUT,BIEDMA,5376,82998,25341,47350,26832,187897,620176.0,19.6,56.68,64.7,226.5,19.9,14.2,8.8
2014-12-31,CHUBUT,BIEDMA,4785,82706,29379,35155,29900,181925,649130.0,20.1,61.19,60.5,331.3,20.6,14.7,9.2
2015-12-31,CHUBUT,BIEDMA,4440,89262,29663,35437,32343,191145,672480.0,18.58,58.18,58.7,114.2,22.2,15.8,10.2
2016-12-31,CHUBUT,BIEDMA,4452,82295,33662,33470,21326,175205,653800.0,17.99,59.93,57.5,88.9,25.2,18.6,12.9
2017-12-31,CHUBUT,BIEDMA,4688,87179,33148,33947,20900,179862,653800.0,19.73,58.95,55.8,291.9,19.1,13.6,8.4
2018-12-31,CHUBUT,BIEDMA,4767,86473,36233,31347,22289,181109,653800.0,18.86,58.89,56.3,99.0,21.0,14.8,9.5
2019-12-31,CHUBUT,BIEDMA,4887,84400,31784,34032,23424,178527,629189.1,18.95,57.81,54.1,295.5,18.7,13.6,8.7
2020-12-31,CHUBUT,BIEDMA,3084,82806,29134,33727,25394,174145,630450.0,19.1,58.71,58.3,191.4,20.5,14.6,9.2
2006-12-31,CHUBUT,CUSHAMEN,6906,141299,40828,31911,43659,264603,1155000.0,19.83,63.14,62.0,570.4,13.1,7.4,1.6
2007-12-31,CHUBUT,CUSHAMEN,6977,142754,41249,32240,44109,267329,1260000.0,20.49,62.35,59.8,475.2,14.3,8.1,1.5
2008-12-31,CHUBUT,CUSHAMEN,8180,149189,41669,51128,37589,287755,1134000.0,17.95,62.96,52.35,609.0,19.85,12.2,4.1
2009-12-31,CHUBUT,CUSHAMEN,7191,130124,30369,31453,44013,243150,898800.0,19.83,63.6,62.03,2810.6,16.27,9.57,3.5
2010-12-31,CHUBUT,CUSHAMEN,6649,128141,30782,31756,40774,238102,898800.0,20.36,64.07,61.0,3247.6,16.5,9.62,3.6
2011-12-31,CHUBUT,CUSHAMEN,6937,134263,36860,32524,39295,249879,886725.0,19.03,62.96,57.47,3243.0,17.14,10.22,4.0
2012-12-31,CHUBUT,CUSHAMEN,6758,126283,35504,27867,30258,226670,729750.0,18.61,62.22,61.43,7288.1,16.0,9.87,4.56
2013-12-31,CHUBUT,CUSHAMEN,12516,125655,31127,22615,33934,225847,697200.0,21.0,64.48,58.22,6156.7,18.9,11.88,5.49
2014-12-31,CHUBUT,CUSHAMEN,6525,120803,33531,29759,40184,230802,729750.0,20.48,63.3,59.1,5763.6,17.03,10.46,4.62
2015-12-31,CHUBUT,CUSHAMEN,5764,115205,30865,26410,36446,214690,756000.0,18.33,62.18,48.54,6809.1,18.92,11.99,5.68
2016-12-31,CHUBUT,CUSHAMEN,5920,113136,30649,28942,46037,224684,735000.0,19.86,63.67,60.15,2876.7,17.12,10.46,4.5
2017-12-31,CHUBUT,CUSHAMEN,5198,106723,31589,28842,46907,219259,735000.0,19.67,63.2,44.74,5804.2,16.5,9.93,4.2
2018-12-31,CHUBUT,CUSHAMEN,6510,114304,33488,29440,46476,230218,735000.0,18.59,62.6,59.36,2633.5,19.76,12.4,5.14
2019-12-31,CHUBUT,CUSHAMEN,8292,124242,32843,28734,43428,237539,707332.5,19.99,64.07,50.48,1328.5,17.4,10.72,3.7
2020-12-31,CHUBUT,CUSHAMEN,5385,124862,33570,28086,52545,244448,708750.0,19.5,64.01,46.48,525.6,25.22,15.62,5.92
2009-12-31,CHUBUT,FLORENTINO AMEGHINO,12056,150454,69972,59835,51674,343991,1474032.0,19.47,59.79,48.4,137.7,20.4,12.9,5.7
2010-12-31,CHUBUT,FLORENTINO AMEGHINO,11907,169295,65937,60837,42462,350438,1474032.0,19.93,62.41,49.0,155.4,16.9,10.4,4.3
2011-12-31,CHUBUT,FLORENTINO AMEGHINO,11347,153875,60216,58589,38162,322189,1454229.0,19.6,58.86,58.7,103.6,17.4,11.0,4.6
2012-12-31,CHUBUT,FLORENTINO AMEGHINO,10531,142512,56336,49490,52955,311824,1196790.0,19.07,59.01,54.9,210.8,18.7,12.2,5.7
2013-12-31,CHUBUT,FLORENTINO AMEGHINO,9623,131947,59697,42035,41337,284639,1143408.0,19.81,58.44,55.1,135.5,18.3,11.8,5.2
2014-12-31,CHUBUT,FLORENTINO AMEGHINO,9623,128662,54128,39480,50249,282142,1196790.0,20.45,60.73,52.9,174.1,16.9,10.7,4.3
2016-12-31,CHUBUT,FLORENTINO AMEGHINO,11974,159866,63418,47987,25964,309209,1205400.0,18.75,60.54,54.3,155.7,20.3,14.2,8.25
2017-12-31,CHUBUT,FLORENTINO AMEGHINO,12216,157416,59969,46044,52072,327717,1205400.0,19.84,59.5,52.6,1010.8,20.0,13.8,8.1
2018-12-31,CHUBUT,FLORENTINO AMEGHINO,11465,152819,61672,43911,46348,316215,1205400.0,19.04,58.93,51.1,283.4,19.0,12.5,6.35
2019-12-31,CHUBUT,FLORENTINO AMEGHINO,12092,163230,66071,47475,40992,329860,1160025.3,18.92,61.7,53.5,397.0,18.95,12.6,6.4
2020-12-31,CHUBUT,FLORENTINO AMEGHINO,7324,165006,57199,43199,45253,317981,1162350.0,19.94,58.79,48.6,355.8,14.8,9.5,4.35
2005-12-31,CHUBUT,FUTALEUFU,6314,100412,30459,21701,26274,185160,760960.0,21.45,64.4,47.0,175.2,19.95,12.05,3.55
2006-12-31,CHUBUT,FUTALEUFU,6650,105759,32080,22856,27673,195018,721600.0,19.92,62.66,64.9,1392.0,17.2,9.9,2.45
2007-12-31,CHUBUT,FUTALEUFU,5129,81560,24740,17626,21341,150396,787200.0,20.82,62.99,62.3,654.4,16.45,9.5,2.35
2008-12-31,CHUBUT,FUTALEUFU,5639,90494,30119,24634,28237,179123,708480.0,21.22,63.71,13.1,1229.6,18.85,11.05,2.7
2009-12-31,CHUBUT,FUTALEUFU,5155,85752,28633,24140,26350,170030,561536.0,21.2,61.95,67.8,1159.4,15.23,8.73,2.37
2010-12-31,CHUBUT,FUTALEUFU,5781,91721,30329,24897,21252,173980,561536.0,20.37,63.09,68.55,1960.3,15.12,8.48,2.02
2011-12-31,CHUBUT,FUTALEUFU,5405,94013,33600,22878,27973,183869,553992.0,19.61,65.45,64.15,1367.6,16.48,9.4,2.6
2012-12-31,CHUBUT,FUTALEUFU,5713,91189,32426,23200,27788,180316,455920.0,18.14,63.07,65.3,4995.1,15.21,9.26,3.36
2013-12-31,CHUBUT,FUTALEUFU,5210,89861,32255,21340,25789,174455,435584.0,20.16,62.56,69.95,4574.2,16.79,10.09,3.6
2014-12-31,CHUBUT,FUTALEUFU,5126,85641,26607,20764,26403,164541,455920.0,21.55,62.93,69.6,4303.5,15.13,9.04,3.3
2015-12-31,CHUBUT,FUTALEUFU,5218,86528,23929,19766,25085,160526,472320.0,20.94,63.1,53.2,4592.8,16.55,10.35,4.33
2016-12-31,CHUBUT,FUTALEUFU,4568,77084,23247,15616,17473,137988,459200.0,18.75,64.05,69.2,2587.4,15.82,9.25,3.25
2017-12-31,CHUBUT,FUTALEUFU,4313,74028,24502,15556,16234,134633,459200.0,19.73,63.04,49.1,3459.0,17.13,10.87,4.87
2018-12-31,CHUBUT,FUTALEUFU,4096,68134,22201,13799,16000,124230,459200.0,21.2,64.01,49.85,1043.2,20.95,13.73,6.28
2019-12-31,CHUBUT,FUTALEUFU,3956,64916,20087,12651,16165,117775,441914.4,19.67,62.75,61.5,817.8,20.97,13.0,4.4
2020-12-31,CHUBUT,FUTALEUFU,2044,65375,22621,12477,15472,117989,442800.0,19.45,63.64,45.57,1089.2,16.07,9.2,2.57
2006-12-31,CHUBUT,GAIMAN,4550,139321,23764,37956,28995,234586,1273800.0,19.98,53.38,36.8,7.1,25.3,17.8,9.3
2007-12-31,CHUBUT,GAIMAN,5051,154633,26375,42128,32182,260369,1389600.0,20.71,55.6,50.0,58.1,17.5,10.0,2.4
2008-12-31,CHUBUT,GAIMAN,5292,112497,32493,33649,28886,212817,1250640.0,20.76,53.69,52.13,174.9,21.03,13.3,5.93
2009-12-31,CHUBUT,GAIMAN,5816,123241,31526,33769,29740,224092,991248.0,21.1,53.93,48.0,215.4,20.6,13.17,6.27
2010-12-31,CHUBUT,GAIMAN,5553,129160,28238,42120,29240,234311,991248.0,19.8,53.7,48.8,221.9,22.0,14.57,7.27
2011-12-31,CHUBUT,GAIMAN,5584,132221,27090,42712,27345,234952,977931.0,21.82,55.88,46.9,220.2,20.73,13.63,6.43
2012-12-31,CHUBUT,GAIMAN,5977,123977,20057,45528,23647,219186,804810.0,18.47,56.31,48.93,362.8,20.57,13.17,5.93
2013-12-31,CHUBUT,GAIMAN,5802,138573,20059,45098,20514,230046,768912.0,18.89,55.74,56.33,448.5,20.7,13.27,6.13
2014-12-31,CHUBUT,GAIMAN,7647,143403,21683,44605,27900,245238,804810.0,21.14,55.43,57.6,413.8,20.47,13.07,5.83
2015-12-31,CHUBUT,GAIMAN,8503,161928,25067,44956,28410,268864,833760.0,20.58,56.05,54.37,193.3,21.73,14.17,6.47
2016-12-31,CHUBUT,GAIMAN,8368,166144,27932,47610,33646,283700,810600.0,21.47,53.63,64.0,359.7,22.9,14.13,5.93
2017-12-31,CHUBUT,GAIMAN,8272,170790,28217,47586,37463,292328,810600.0,20.85,55.26,45.33,452.4,20.75,12.8,5.32
2018-12-31,CHUBUT,GAIMAN,7991,178598,27915,46278,38481,299263,810600.0,20.43,54.97,46.97,186.0,23.6,14.86,6.36
2019-12-31,CHUBUT,GAIMAN,8309,193501,29047,48760,45825,325442,780086.7,21.01,55.69,52.2,302.4,20.82,12.28,4.4
2020-12-31,CHUBUT,GAIMAN,5295,197372,27275,46137,42834,318913,781650.0,20.88,54.45,49.7,173.6,23.14,13.9,5.3
2012-12-31,CHUBUT,LANGUIÑEO,8550,141153,52659,54014,45432,301808,988290.0,20.15,60.69,50.3,314.7,19.8,11.4,3.0
2013-12-31,CHUBUT,LANGUIÑEO,8875,130228,45552,42406,21887,248948,944208.0,19.94,61.19,53.35,207.4,22.15,13.55,4.9
2015-12-31,CHUBUT,LANGUIÑEO,9928,116399,44518,44570,42894,258309,1023840.0,22.48,61.62,48.1,13.5,21.8,13.0,3.4
2016-12-31,CHUBUT,LANGUIÑEO,7588,112547,47178,49593,17445,234351,995400.0,21.27,60.55,66.4,374.6,14.5,7.77,1.5
2017-12-31,CHUBUT,LANGUIÑEO,6650,103552,38645,40482,40508,229837,995400.0,19.57,59.32,60.93,403.0,12.77,9.97,2.7
2018-12-31,CHUBUT,LANGUIÑEO,6411,107526,43471,36192,20992,214592,995400.0,19.47,59.47,58.57,404.1,16.63,8.83,1.3
2019-12-31,CHUBUT,LANGUIÑEO,5879,102562,38569,39746,41717,228473,957930.3,20.58,59.18,58.8,285.0,16.5,9.3,2.23
2020-12-31,CHUBUT,LANGUIÑEO,3968,107651,42621,37285,40238,231763,959850.0,20.53,61.55,61.5,196.8,17.2,10.1,3.15
1985-12-31,CHUBUT,MIRABUENO,50,1419,563,690,912,3634,15600.0,19.26,60.46,57.6,208.6,20.9,14.3,6.4
1986-12-31,CHUBUT,MIRABUENO,53,1520,605,1045,680,3903,18167.0,19.86,61.52,58.1,130.3,20.5,12.9,5.8
1987-12-31,CHUBUT,MIRABUENO,67,1928,637,964,512,4108,11200.0,19.41,55.77,60.3,199.5,20.7,13.8,6.8
1988-12-31,CHUBUT,MIRABUENO,55,1560,575,1210,310,3710,13197.0,18.65,61.69,54.9,85.5,20.4,12.9,5.5
1989-12-31,CHUBUT,MIRABUENO,42,1210,457,1091,150,2950,12300.0,19.82,57.13,56.5,92.5,21.9,14.5,7.1
1990-12-31,CHUBUT,MIRABUENO,35,998,390,969,124,2516,13900.0,20.23,59.84,56.2,96.0,21.7,14.2,6.8
1991-12-31,CHUBUT,MIRABUENO,39,1122,407,995,60,2623,15800.0,20.47,60.56,60.3,240.0,20.6,13.2,5.8
1992-12-31,CHUBUT,MIRABUENO,39,1125,451,1225,70,2910,11600.0,19.8,54.04,62.2,335.2,19.9,14.4,4.7
1993-12-31,CHUBUT,MIRABUENO,43,1240,447,1090,65,2885,10306.0,19.3,58.81,58.1,155.7,21.0,14.8,5.5
1994-12-31,CHUBUT,MIRABUENO,32,925,428,1342,34,2761,9000.0,18.87,61.83,53.7,82.5,24.3,13.5,4.6
1995-12-31,CHUBUT,MIRABUENO,41,1159,361,239,527,2327,9931.0,18.61,64.37,18.5,267.8,22.0,11.9,2.6
1996-12-31,CHUBUT,MIRABUENO,30,849,354,643,410,2286,9730.0,18.51,60.43,42.6,59.8,22.9,13.9,5.3
1997-12-31,CHUBUT,MIRABUENO,27,768,319,426,520,2060,11763.0,19.66,56.21,56.3,278.6,20.0,13.0,6.4
1998-12-31,CHUBUT,MIRABUENO,39,1124,453,802,507,2925,12400.0,19.09,61.39,49.9,355.0,20.7,13.5,6.7
1999-12-31,CHUBUT,MIRABUENO,39,1124,484,966,507,3120,13700.0,19.54,53.18,55.1,302.4,19.3,12.4,5.6
2000-12-31,CHUBUT,MIRABUENO,57,1632,515,444,672,3320,17349.0,20.8,65.27,42.0,212.5,23.0,14.0,5.5
2001-12-31,CHUBUT,MIRABUENO,48,1378,544,1089,450,3509,13522.0,21.0,61.8,21.9,188.1,20.5,13.3,6.1
2002-12-31,CHUBUT,MIRABUENO,59,1688,561,488,824,3620,17358.0,20.93,61.65,56.4,218.0,19.5,12.7,6.4
2003-12-31,CHUBUT,MIRABUENO,68,1952,615,855,480,3970,11554.0,19.6,61.1,55.7,161.0,22.2,12.2,3.7
2004-12-31,CHUBUT,MIRABUENO,65,1860,580,423,816,3744,11267.0,19.2,57.5,58.2,143.9,22.4,12.9,4.9
2005-12-31,CHUBUT,MIRABUENO,108,3083,763,147,820,4921,15753.0,18.5,56.8,61.6,179.8,21.5,12.5,4.3
2006-12-31,CHUBUT,MIRABUENO,65,1850,582,702,555,3754,13785.0,19.3,57.8,51.5,200.5,21.1,13.4,6.0
2007-12-31,CHUBUT,MIRABUENO,64,1842,506,775,79,3266,10336.0,19.3,58.3,50.9,194.4,20.0,12.5,5.2
2008-12-31,CHUBUT,MIRABUENO,43,1232,351,136,500,2262,5245.0,20.36,58.9,54.3,163.3,21.1,13.4,5.8
2009-12-31,CHUBUT,MIRABUENO,39,1101,318,193,400,2051,8739.0,19.6,53.1,50.1,168.5,20.8,13.4,6.0
2010-12-31,CHUBUT,MIRABUENO,35,1009,363,855,79,2341,9164.0,18.78,56.7,50.5,184.0,20.6,13.1,5.7
2011-12-31,CHUBUT,MIRABUENO,34,970,275,192,300,1771,6516.0,18.5,55.0,50.6,130.7,21.3,13.8,6.3
2012-12-31,CHUBUT,MIRABUENO,31,896,283,186,432,1828,8376.0,20.2,53.9,50.4,171.8,20.9,13.5,6.1
2013-12-31,CHUBUT,MIRABUENO,32,923,325,234,582,2096,9892.0,20.3,53.9,56.3,197.6,20.7,13.6,6.8
2014-12-31,CHUBUT,MIRABUENO,63,1800,451,394,200,2908,10510.0,19.4,56.1,54.0,187.2,20.6,13.6,6.7
2015-12-31,CHUBUT,MIRABUENO,75,2130,654,159,1200,4218,10776.0,19.3,59.1,51.9,112.9,21.0,13.8,6.3
2016-12-31,CHUBUT,MIRABUENO,81,2311,683,134,1200,4409,10990.0,19.8,60.0,61.4,218.0,20.8,13.5,6.4
2017-12-31,CHUBUT,MIRABUENO,71,2032,701,264,1455,4523,11200.0,19.5,59.3,57.5,265.2,21.6,14.2,6.8
2018-12-31,CHUBUT,MIRABUENO,42,1200,478,543,820,3083,9193.0,19.8,61.3,55.8,93.2,21.6,13.8,6.0
2019-12-31,CHUBUT,MIRABUENO,103,2940,806,220,1129,5198,13027.0,19.8,56.9,55.8,170.7,21.4,13.6,5.8
2020-12-31,CHUBUT,MIRABUENO,71,2021,533,385,430,3440,12136.0,19.6,56.1,54.5,92.0,22.0,14.3,6.6
2005-12-31,CHUBUT,PASO DE INDIOS,8392,162714,48643,61045,30025,310819,1494080.0,19.31,54.22,47.2,104.4,16.3,10.1,3.4
2006-12-31,CHUBUT,PASO DE INDIOS,9010,174709,52229,65545,32239,333732,1416800.0,19.36,51.94,43.6,141.8,19.3,12.8,5.7
2007-12-31,CHUBUT,PASO DE INDIOS,9410,182455,54545,68451,33668,348529,1545600.0,18.75,53.66,44.6,79.4,18.4,11.8,4.4
2008-12-31,CHUBUT,PASO DE INDIOS,9253,153127,68968,65652,42389,339389,1391040.0,21.08,53.49,49.6,44.0,16.1,9.0,-0.6
2009-12-31,CHUBUT,PASO DE INDIOS,9665,161713,71004,70192,42575,355149,1102528.0,19.47,54.51,48.4,84.2,16.4,10.3,4.2
2012-12-31,CHUBUT,PASO DE INDIOS,8980,150846,37809,64028,32809,294472,895160.0,19.07,53.14,45.5,117.1,20.4,13.4,6.2
2013-12-31,CHUBUT,PASO DE INDIOS,8339,143441,36190,59153,28510,275633,855232.0,19.79,54.5,47.8,129.2,21.1,13.8,6.1
2014-12-31,CHUBUT,PASO DE INDIOS,8820,136765,38061,52569,29853,266068,895160.0,20.9,54.79,45.7,130.2,21.6,14.4,7.2
2015-12-31,CHUBUT,PASO DE INDIOS,9418,135182,40238,52997,25057,262892,927360.0,19.79,53.52,39.8,66.7,24.7,16.7,8.6
2016-12-31,CHUBUT,PASO DE INDIOS,9181,129835,43632,50592,26582,259822,901600.0,19.7,55.38,52.9,238.6,20.6,13.1,5.8
2017-12-31,CHUBUT,PASO DE INDIOS,7789,128838,43440,53838,30833,264738,901600.0,19.33,54.63,43.2,128.2,21.6,14.2,7.1
2018-12-31,CHUBUT,PASO DE INDIOS,8198,128880,47244,57146,32537,274005,901600.0,20.11,57.02,38.8,21.3,26.6,18.0,9.2
2019-12-31,CHUBUT,PASO DE INDIOS,9109,135988,53921,56329,28341,283688,867661.2,19.99,55.58,41.35,161.7,20.7,14.0,7.7
2020-12-31,CHUBUT,PASO DE INDIOS,5587,135352,46140,56784,30279,274142,869400.0,19.4,54.25,36.55,95.0,25.45,18.4,11.6
2000-12-31,CHUBUT,RAWSON,2355,57320,20632,24405,18609,123321,258400.0,17.66,61.53,42.1,212.6,23.0,14.1,5.5
2001-12-31,CHUBUT,RAWSON,2226,54176,19500,23067,17588,116557,258400.0,18.15,60.74,21.9,188.1,20.6,13.4,6.1
2002-12-31,CHUBUT,RAWSON,1584,38558,13879,16417,12518,82956,256880.0,19.99,60.19,56.5,218.0,19.6,12.8,6.5
2003-12-31,CHUBUT,RAWSON,2252,54793,19722,23330,17789,117886,323760.0,20.9,59.9,55.8,161.0,22.3,12.3,3.8
2004-12-31,CHUBUT,RAWSON,2463,59959,21582,25529,19466,128999,332880.0,19.02,60.91,58.3,143.9,22.5,12.9,4.9
2005-12-31,CHUBUT,RAWSON,2515,61212,22032,26062,19872,131693,352640.0,18.92,60.5,61.7,179.8,21.5,12.1,4.4
2006-12-31,CHUBUT,RAWSON,2170,52805,19007,22483,17144,113609,334400.0,19.64,62.64,51.6,200.6,21.2,13.5,6.0
2007-12-31,CHUBUT,RAWSON,2297,55886,20115,23795,18144,120236,364800.0,19.67,61.9,50.9,194.4,20.1,12.6,5.3
2008-12-31,CHUBUT,RAWSON,2256,44272,18756,20551,14559,100394,328320.0,19.79,60.06,54.4,163.4,21.1,13.4,5.9
2009-12-31,CHUBUT,RAWSON,2520,52126,19419,22801,11899,108765,260224.0,19.28,61.77,50.2,168.5,20.9,13.4,6.1
2010-12-31,CHUBUT,RAWSON,2132,52746,17783,24333,14075,111069,260224.0,18.0,59.22,50.6,184.0,20.7,13.1,5.8
2011-12-31,CHUBUT,RAWSON,2165,51998,17953,23373,13380,108869,256728.0,20.53,62.42,50.7,130.7,21.4,13.8,6.3
2012-12-31,CHUBUT,RAWSON,2263,53025,15448,22120,11071,103927,211280.0,20.52,61.69,50.5,171.8,20.9,13.6,6.2
2013-12-31,CHUBUT,RAWSON,2773,57599,14701,21929,15736,112738,201856.0,20.95,62.38,56.3,197.6,20.7,13.7,6.9
2014-12-31,CHUBUT,RAWSON,3051,61699,15436,22215,18436,120837,211280.0,19.55,62.99,54.0,187.2,20.6,13.7,6.8
2015-12-31,CHUBUT,RAWSON,3308,64914,14568,22110,20932,125832,218880.0,18.35,60.87,52.0,112.9,21.0,13.8,6.4
2016-12-31,CHUBUT,RAWSON,3672,66374,17693,21512,19079,128330,212800.0,20.16,60.71,61.5,218.0,20.9,13.6,6.4
2017-12-31,CHUBUT,RAWSON,4146,69722,19404,20173,19231,132676,212800.0,21.05,61.49,57.5,265.3,21.7,14.2,6.9
2018-12-31,CHUBUT,RAWSON,3558,68936,20065,19143,21294,132996,212800.0,19.84,62.17,55.9,93.2,21.7,13.9,6.0
2019-12-31,CHUBUT,RAWSON,3628,74009,19514,20800,18895,136846,204789.6,20.42,61.52,55.8,170.8,21.4,13.7,5.9
2020-12-31,CHUBUT,RAWSON,2273,74096,18058,19267,22102,135796,205200.0,19.57,61.66,54.5,92.0,22.1,14.4,6.7
2005-12-31,CHUBUT,RIO SENGUERR,23865,417337,137116,139199,150307,867824,3971840.0,21.11,58.01,48.5,200.4,15.5,10.15,4.6
2006-12-31,CHUBUT,RIO SENGUERR,25349,443288,145643,147855,159654,921789,3766400.0,21.78,58.87,52.9,388.7,15.55,10.2,5.0
2007-12-31,CHUBUT,RIO SENGUERR,24501,428453,140769,142907,154311,890940,4108800.0,20.93,57.58,56.2,184.4,15.25,9.0,3.2
2008-12-31,CHUBUT,RIO SENGUERR,21728,325347,136018,119163,147472,749728,3697920.0,21.34,59.04,56.05,364.4,17.15,10.15,3.55
2009-12-31,CHUBUT,RIO SENGUERR,23858,349639,175695,126080,124871,800143,2930944.0,19.62,58.44,55.75,378.6,15.93,9.77,2.9
2010-12-31,CHUBUT,RIO SENGUERR,22663,338907,151755,135432,105030,753787,2930944.0,21.13,59.06,59.15,529.3,14.57,8.5,2.47
2011-12-31,CHUBUT,RIO SENGUERR,24926,348657,160536,146116,105368,785603,2891568.0,20.47,58.34,58.7,369.5,15.8,9.4,3.47
2012-12-31,CHUBUT,RIO SENGUERR,25366,365526,159817,139353,140285,830347,2379680.0,20.69,57.48,59.85,478.8,15.37,9.27,3.47
2013-12-31,CHUBUT,RIO SENGUERR,25403,384024,144490,136655,143717,834289,2273536.0,19.61,58.04,59.35,317.3,15.93,10.03,4.6
2014-12-31,CHUBUT,RIO SENGUERR,25282,384360,139502,131200,132538,812882,2379680.0,19.16,59.64,62.25,381.1,15.57,9.33,3.63
2015-12-31,CHUBUT,RIO SENGUERR,24115,373103,140325,126419,127228,791190,2465280.0,17.93,58.92,60.75,377.1,16.23,9.8,3.77
2016-12-31,CHUBUT,RIO SENGUERR,26957,368581,131766,122579,134887,784770,2396800.0,20.59,58.51,64.67,363.8,12.53,9.23,2.6
2017-12-31,CHUBUT,RIO SENGUERR,24665,369734,134929,122073,140185,791586,2396800.0,21.1,60.17,60.6,503.0,16.13,10.33,4.9
2018-12-31,CHUBUT,RIO SENGUERR,22376,374068,120941,121585,129376,768346,2396800.0,20.45,57.75,61.3,641.7,11.47,6.93,2.03
2019-12-31,CHUBUT,RIO SENGUERR,25733,384841,138981,122343,125892,797790,2306577.6,18.8,59.28,65.93,443.2,14.6,8.37,2.73
2020-12-31,CHUBUT,RIO SENGUERR,15609,360905,146961,123560,112227,759262,2311200.0,20.28,57.7,61.65,298.8,16.75,9.85,3.5
2006-12-31,CHUBUT,SARMIENTO,6609,111501,31246,41478,28743,219577,1388200.0,20.01,49.17,74.6,112.2,15.1,7.7,1.9
2007-12-31,CHUBUT,SARMIENTO,6357,107240,30052,39893,27644,211185,1514400.0,19.62,48.85,67.2,40.8,16.0,8.3,2.1
2008-12-31,CHUBUT,SARMIENTO,7051,118679,34597,43978,37085,241390,1362960.0,20.96,47.57,69.1,54.0,18.0,9.3,2.0
2009-12-31,CHUBUT,SARMIENTO,6509,108523,31668,38117,36111,220928,1080272.0,20.96,48.4,49.2,122.4,19.7,11.7,5.0
2010-12-31,CHUBUT,SARMIENTO,6518,112088,31817,42015,27872,220310,1080272.0,19.06,48.94,57.5,42.1,21.9,13.7,6.7
2011-12-31,CHUBUT,SARMIENTO,6318,113645,29595,39374,27014,215946,1065759.0,19.58,48.13,67.8,159.1,20.8,12.6,5.7
2012-12-31,CHUBUT,SARMIENTO,6400,100390,29363,34584,24672,195409,877090.0,18.74,48.82,54.1,206.7,18.2,11.6,5.5
2013-12-31,CHUBUT,SARMIENTO,6978,102420,31288,33644,27841,202171,837968.0,19.29,47.51,51.2,177.8,20.15,13.6,7.5
2014-12-31,CHUBUT,SARMIENTO,7348,106471,31146,34529,30598,210092,877090.0,22.22,47.61,48.9,138.9,20.35,13.95,8.15
2015-12-31,CHUBUT,SARMIENTO,7298,105229,30923,35616,36312,215378,908640.0,19.09,47.71,55.4,261.1,18.0,11.6,5.65
2016-12-31,CHUBUT,SARMIENTO,7249,107299,29077,37383,30378,211386,883400.0,19.62,48.88,54.25,237.8,20.2,13.0,6.5
2017-12-31,CHUBUT,SARMIENTO,5892,91496,22810,33128,22739,176065,883400.0,19.5,48.12,62.83,589.4,13.9,8.87,3.77
2018-12-31,CHUBUT,SARMIENTO,5494,90067,22437,31258,26686,175942,883400.0,20.03,48.8,57.4,113.0,16.2,10.2,4.8
2019-12-31,CHUBUT,SARMIENTO,6077,99175,28287,31325,28339,193203,850146.3,18.15,49.05,52.5,82.8,15.6,9.8,4.5
2020-12-31,CHUBUT,SARMIENTO,3681,99173,27021,32939,20498,183312,851850.0,19.37,48.32,42.9,21.6,17.9,12.1,6.7
2008-12-31,CHUBUT,TEHUELCHES,14960,221763,107149,126501,109720,580093,3045600.0,19.15,61.75,71.9,681.2,13.6,7.6,1.7
2009-12-31,CHUBUT,TEHUELCHES,17055,241352,99948,130175,100704,589234,2413920.0,18.62,61.43,77.0,885.8,10.83,5.33,0.47
2010-12-31,CHUBUT,TEHUELCHES,16062,235053,97593,123094,89000,560802,2413920.0,20.43,61.28,74.5,836.4,12.53,6.67,1.13
2011-12-31,CHUBUT,TEHUELCHES,15804,221365,95119,100380,84103,516771,2381490.0,17.85,59.92,74.8,868.0,15.27,7.7,0.97
2012-12-31,CHUBUT,TEHUELCHES,14493,195434,91941,98158,66160,466186,1959900.0,18.02,60.11,46.6,1049.0,12.9,6.9,1.77
2013-12-31,CHUBUT,TEHUELCHES,14577,187946,88690,80677,85841,457731,1872480.0,18.72,61.23,52.2,513.2,15.0,8.85,2.9
2014-12-31,CHUBUT,TEHUELCHES,15833,181194,89063,82015,80224,448329,1959900.0,17.74,61.77,71.35,451.6,12.53,6.73,1.53
2015-12-31,CHUBUT,TEHUELCHES,17316,190599,82015,84630,87834,462394,2030400.0,18.48,62.18,0.3,615.8,14.43,8.73,3.23
2016-12-31,CHUBUT,TEHUELCHES,17073,200643,78060,92801,84904,473481,1974000.0,17.12,60.33,0.7,200.6,14.35,8.65,3.3
2017-12-31,CHUBUT,TEHUELCHES,16655,207634,89829,89442,93065,496625,1974000.0,17.15,61.48,36.0,573.8,15.8,10.07,4.53
2019-12-31,CHUBUT,TEHUELCHES,15264,196118,89141,87696,74093,462312,1899693.0,20.09,61.13,65.8,259.8,13.5,7.5,1.75
2020-12-31,CHUBUT,TEHUELCHES,8071,197382,87268,86893,54493,434107,1903500.0,20.02,61.85,39.8,414.0,11.85,6.6,1.6
2008-12-31,CHUBUT,TELSEN,9052,173966,76783,98535,39250,397586,982800.0,21.55,53.47,40.1,33.5,23.0,15.0,6.35
2009-12-31,CHUBUT,TELSEN,7949,158437,58617,89187,24057,338247,778960.0,19.63,55.69,47.35,312.4,18.0,10.75,3.6
2010-12-31,CHUBUT,TELSEN,7307,137395,38403,76175,18263,277543,778960.0,20.39,54.44,47.8,231.9,18.2,10.95,3.7
2011-12-31,CHUBUT,TELSEN,6926,124528,38959,70018,19568,259999,768495.0,18.66,52.82,46.8,244.1,18.95,11.7,4.3
2012-12-31,CHUBUT,TELSEN,5904,104705,28063,62121,14163,214956,632450.0,20.94,53.87,43.28,627.6,20.78,13.75,6.78
2013-12-31,CHUBUT,TELSEN,5610,91186,23816,52400,16453,189465,604240.0,19.97,53.27,50.2,888.2,18.95,12.18,5.58
2014-12-31,CHUBUT,TELSEN,5158,84587,25366,48234,17836,181181,632450.0,19.77,54.03,46.18,1080.1,20.82,13.58,6.22
2015-12-31,CHUBUT,TELSEN,4766,81572,24643,42758,21277,175016,655200.0,17.81,53.48,46.73,438.3,17.77,11.6,5.4
2016-12-31,CHUBUT,TELSEN,4896,80262,26471,39243,20290,171162,637000.0,20.2,53.55,50.8,820.0,17.47,11.57,5.77
2017-12-31,CHUBUT,TELSEN,4640,77556,27296,36570,17750,163812,637000.0,19.11,56.01,47.17,660.1,16.6,10.93,5.03
2018-12-31,CHUBUT,TELSEN,4832,79117,28366,37558,21933,171806,637000.0,20.38,54.64,47.93,604.2,17.63,11.33,5.03
2019-12-31,CHUBUT,TELSEN,4781,80109,28428,38109,17731,169158,613021.5,16.88,53.83,47.57,358.4,17.53,11.17,4.83
2020-12-31,CHUBUT,TELSEN,2870,79157,25804,36901,18984,163716,614250.0,21.55,52.96,46.63,304.4,16.6,10.6,4.63
