fecha,codigo_gps,coordenada_completa,longitug,latitud,fn_valor_pastoral
11/2015,CG T01,-68.7056907/-43.291952,-68.7056907,-43.291952,"3,60"
11/2016,CG T01,-68.7056907/-43.291952,-68.7056907,-43.291952,"15,00"
11/2015,CG T02,-68.6608421/-43.2535963,-68.6608421,-43.2535963,"0,60"
11/2016,CG T02,-68.6608421/-43.2535963,-68.6608421,-43.2535963,"15,40"
11/2015,CG T03,-68.616647/-43.2181445,-68.616647,-43.2181445,"1,60"
11/2016,CG T03,-68.616647/-43.2181445,-68.616647,-43.2181445,"23,80"
11/2015,CG T04,-68.6180901/-43.1667136,-68.6180901,-43.1667136,"8,00"
11/2016,CG T04,-68.6180901/-43.1667136,-68.6180901,-43.1667136,"7,20"
11/2015,CG T05,-68.6390379/-43.1237455,-68.6390379,-43.1237455,"4,40"
11/2016,CG T05,-68.6390379/-43.1237455,-68.6390379,-43.1237455,"24,60"
11/2015,CG T06,-68.577095/-43.0961252,-68.577095,-43.0961252,"5,80"
11/2016,CG T06,-68.577095/-43.0961252,-68.577095,-43.0961252,"13,60"
11/2015,CG T07,-68.548786/-43.0680802,-68.548786,-43.0680802,"0,40"
11/2016,CG T07,-68.548786/-43.0680802,-68.548786,-43.0680802,"12,80"
11/2015,CG T08,-68.5672935/-43.0167808,-68.5672935,-43.0167808,"2,00"
11/2016,CG T08,-68.5672935/-43.0167808,-68.5672935,-43.0167808,"20,60"
11/2015,CG T09,-68.5778347/-42.9668535,-68.5778347,-42.9668535,"3,80"
11/2016,CG T09,-68.5778347/-42.9668535,-68.5778347,-42.9668535,"14,00"
11/2015,CG T10,-68.6397752/-42.9387177,-68.6397752,-42.9387177,"1,80"
11/2016,CG T10,-68.6397752/-42.9387177,-68.6397752,-42.9387177,"13,40"
11/2015,CG T11,-68.6849698/-42.8909523,-68.6849698,-42.8909523,"1,40"
11/2016,CG T11,-68.6849698/-42.8909523,-68.6849698,-42.8909523,"9,80"
11/2015,CG T12,-68.7178783/-42.8499863,-68.7178783,-42.8499863,"1,60"
11/2016,CG T12,-68.7178783/-42.8499863,-68.7178783,-42.8499863,"5,20"
11/2015,CG T13,-68.7713861/-42.8063651,-68.7713861,-42.8063651,"9,60"
11/2016,CG T13,-68.7713861/-42.8063651,-68.7713861,-42.8063651,"16,60"
11/2015,CG T14,-68.8190165/-42.7701521,-68.8190165,-42.7701521,"0,40"
11/2016,CG T14,-68.8190165/-42.7701521,-68.8190165,-42.7701521,"9,80"
11/2015,CG T15,-68.8759848/-42.7523516,-68.8759848,-42.7523516,"0,80"
11/2016,CG T15,-68.8759848/-42.7523516,-68.8759848,-42.7523516,"14,00"
11/2015,CG T16,-68.9284791/-42.7243003,-68.9284791,-42.7243003,"0,80"
11/2016,CG T16,-68.9284791/-42.7243003,-68.9284791,-42.7243003,"4,60"
11/2015,CG T17,-68.9970344/-42.6950582,-68.9970344,-42.6950582,"0,00"
11/2016,CG T17,-68.9970344/-42.6950582,-68.9970344,-42.6950582,"18,20"
11/2015,CG T18,-69.0445717/-42.6635071,-69.0445717,-42.6635071,"3,80"
11/2016,CG T18,-69.0445717/-42.6635071,-69.0445717,-42.6635071,"9,40"
11/2015,CG T19,-69.0794303/-42.6201,-69.0794303,-42.6201,"0,00"
11/2016,CG T19,-69.0794303/-42.6201,-69.0794303,-42.6201,"0,40"
11/2015,CG T20,-69.1184443/-42.5915661,-69.1184443,-42.5915661,"1,20"
11/2016,CG T20,-69.1184443/-42.5915661,-69.1184443,-42.5915661,"4,20"
11/2015,CG T21,-69.159312/-42.575474,-69.159312,-42.575474,"2,60"
11/2016,CG T21,-69.159312/-42.575474,-69.159312,-42.575474,"8,40"
11/2015,CG T22,-69.2030474/-42.5294933,-69.2030474,-42.5294933,"1,60"
11/2016,CG T22,-69.2030474/-42.5294933,-69.2030474,-42.5294933,"8,80"
11/2015,CG T23,-69.2029488/-42.4768427,-69.2029488,-42.4768427,"1,80"
11/2016,CG T23,-69.2029488/-42.4768427,-69.2029488,-42.4768427,"16,80"
11/2015,CG T24,-69.20969/-42.4237043,-69.20969,-42.4237043,"0,40"
11/2016,CG T24,-69.20969/-42.4237043,-69.20969,-42.4237043,"22,00"
11/2015,CG T25,-69.2167707/-42.3717186,-69.2167707,-42.3717186,"2,00"
11/2016,CG T25,-69.2167707/-42.3717186,-69.2167707,-42.3717186,"15,80"
01/2016,CG2 T01,-67.5599729/-42.3676237,-67.5599729,-42.3676237,"12,20"
01/2017,CG2 T01,-69.1171217/-42.3642965,-69.1171217,-42.3642965,"11,60"
01/2016,CG2 T02,-67.6564165/-42.3666744,-67.6564165,-42.3666744,"16,60"
01/2017,CG2 T02,-69.0336436/-42.3918486,-69.0336436,-42.3918486,"18,60"
01/2016,CG2 T03,-67.7426556/-42.4041318,-67.7426556,-42.4041318,"11,80"
01/2017,CG2 T03,-68.9404199/-42.3901446,-68.9404199,-42.3901446,"9,60"
01/2016,CG2 T04,-67.8193208/-42.4495707,-67.8193208,-42.4495707,"9,00"
01/2017,CG2 T04,-68.8495862/-42.3869033,-68.8495862,-42.3869033,"20,60"
01/2016,CG2 T05,-67.9014235/-42.4909961,-67.9014235,-42.4909961,"4,00"
01/2017,CG2 T05,-68.7885961/-42.4179204,-68.7885961,-42.4179204,"12,40"
01/2016,CG2 T06,-67.9922728/-42.5197404,-67.9922728,-42.5197404,"3,60"
01/2017,CG2 T06,-68.7069769/-42.4661243,-68.7069769,-42.4661243,"23,60"
01/2016,CG2 T07,-68.0889293/-42.5306014,-68.0889293,-42.5306014,"6,80"
01/2017,CG2 T07,-68.6119146/-42.4786747,-68.6119146,-42.4786747,"15,60"
01/2016,CG2 T08,-68.380897/-42.8269307,-68.380897,-42.8269307,"16,00"
01/2017,CG2 T08,-68.380897/-42.8269307,-68.380897,-42.8269307,"14,80"
01/2016,CG2 T09,-68.4016255/-42.8649638,-68.4016255,-42.8649638,"6,40"
01/2017,CG2 T09,-68.4016255/-42.8649638,-68.4016255,-42.8649638,"11,80"
01/2016,CG2 T10,-68.4166618/-42.9237583,-68.4166618,-42.9237583,"11,00"
01/2017,CG2 T10,-68.4166618/-42.9237583,-68.4166618,-42.9237583,"13,40"
01/2016,CG2 T11,-68.5056329/-42.9243643,-68.5056329,-42.9243643,"2,20"
01/2017,CG2 T11,-68.5056329/-42.9243643,-68.5056329,-42.9243643,"7,00"
01/2016,CG2 T12,-68.5777976/-42.9599198,-68.5777976,-42.9599198,"3,20"
01/2017,CG2 T12,-68.5777976/-42.9599198,-68.5777976,-42.9599198,"3,60"
01/2016,CG2 T13,-68.5559343/-43.1003331,-68.5559343,-43.1003331,"3,80"
01/2017,CG2 T13,-68.5559343/-43.1003331,-68.5559343,-43.1003331,"12,00"
01/2016,CG2 T14,-68.5151248/-43.1373685,-68.5151248,-43.1373685,"8,80"
01/2017,CG2 T14,-68.5151248/-43.1373685,-68.5151248,-43.1373685,"6,40"
01/2016,CG2 T15,-68.4789688/-43.1937855,-68.4789688,-43.1937855,"1,80"
01/2017,CG2 T15,-68.4789688/-43.1937855,-68.4789688,-43.1937855,"4,00"
01/2016,CG2 T16,-68.4251657/-43.2460598,-68.4251657,-43.2460598,"10,20"
01/2017,CG2 T16,-68.4251657/-43.2460598,-68.4251657,-43.2460598,"13,80"
01/2016,CG2 T17,-68.3739778/-43.2667895,-68.3739778,-43.2667895,"3,80"
01/2017,CG2 T17,-68.3739778/-43.2667895,-68.3739778,-43.2667895,"10,40"
01/2016,CG2 T18,-68.2809332/-43.2509231,-68.2809332,-43.2509231,"1,40"
01/2017,CG2 T18,-68.2809332/-43.2509231,-68.2809332,-43.2509231,"13,80"
01/2016,CG2 T19,-68.1842385/-43.2521253,-68.1842385,-43.2521253,"7,40"
01/2017,CG2 T19,-68.1842385/-43.2521253,-68.1842385,-43.2521253,"12,00"
01/2016,CG2 T20,-68.1224575/-43.271056,-68.1224575,-43.271056,"4,60"
01/2017,CG2 T20,-68.1224575/-43.271056,-68.1224575,-43.271056,"7,40"
01/2016,CG2 T21,-68.0448458/-43.299103,-68.0448458,-43.299103,"3,20"
01/2017,CG2 T21,-68.0448458/-43.299103,-68.0448458,-43.299103,"10,00"
01/2016,CG2 T22,-67.9733156/-43.3112986,-67.9733156,-43.3112986,"1,40"
01/2017,CG2 T22,-67.9733156/-43.3112986,-67.9733156,-43.3112986,"6,40"
01/2016,CG2 T23,-67.8841952/-43.3139973,-67.8841952,-43.3139973,"6,80"
01/2017,CG2 T23,-67.8841952/-43.3139973,-67.8841952,-43.3139973,"10,00"
01/2016,CG2 T24,-67.8198667/-43.3121888,-67.8198667,-43.3121888,"2,60"
01/2017,CG2 T24,-67.8198667/-43.3121888,-67.8198667,-43.3121888,"13,80"
01/2016,CG2 T25,-67.7707131/-43.2981952,-67.7707131,-43.2981952,"4,00"
01/2017,CG2 T25,-67.7707131/-43.2981952,-67.7707131,-43.2981952,"14,40"
12/2015,CM T01,-67.3195265/-43.7885166,-67.3195265,-43.7885166,"1,00"
12/2016,CM T01,-67.3195265/-43.7885166,-67.3195265,-43.7885166,"7,80"
12/2015,CM T02,-67.3356713/-43.8373015,-67.3356713,-43.8373015,"0,00"
12/2016,CM T02,-67.3356713/-43.8373015,-67.3356713,-43.8373015,"8,00"
12/2015,CM T03,-67.3378192/-43.880877,-67.3378192,-43.880877,"0,60"
12/2016,CM T03,-67.3378192/-43.880877,-67.3378192,-43.880877,"6,60"
12/2015,CM T04,-67.3127258/-43.9200124,-67.3127258,-43.9200124,"0,60"
12/2016,CM T04,-67.3127258/-43.9200124,-67.3127258,-43.9200124,"7,20"
12/2015,CM T05,-67.2852686/-43.9598295,-67.2852686,-43.9598295,"1,40"
12/2016,CM T05,-67.2852686/-43.9598295,-67.2852686,-43.9598295,"3,00"
12/2015,CM T06,-67.2574237/-44.0089754,-67.2574237,-44.0089754,"1,40"
12/2016,CM T06,-67.2574237/-44.0089754,-67.2574237,-44.0089754,"1,40"
12/2015,CM T07,-67.2476295/-44.0564362,-67.2476295,-44.0564362,"3,00"
12/2016,CM T07,-67.2476295/-44.0564362,-67.2476295,-44.0564362,"6,80"
12/2015,CM T08,-67.2376482/-44.0994238,-67.2376482,-44.0994238,"5,40"
12/2016,CM T08,-67.2376482/-44.0994238,-67.2376482,-44.0994238,"4,60"
12/2015,CM T09,-67.1987158/-44.1398478,-67.1987158,-44.1398478,"4,00"
12/2016,CM T09,-67.1987158/-44.1398478,-67.1987158,-44.1398478,"6,60"
12/2015,CM T10,-67.1714612/-44.1781269,-67.1714612,-44.1781269,"1,00"
12/2016,CM T10,-67.1714612/-44.1781269,-67.1714612,-44.1781269,"11,20"
12/2015,CM T11,-67.1702255/-44.2163013,-67.1702255,-44.2163013,"1,40"
12/2016,CM T11,-67.1702255/-44.2163013,-67.1702255,-44.2163013,"13,80"
12/2015,CM T12,-67.1591955/-44.2553725,-67.1591955,-44.2553725,"1,40"
12/2016,CM T12,-67.1591955/-44.2553725,-67.1591955,-44.2553725,"3,60"
12/2015,CM T13,-67.1345786/-44.286381,-67.1345786,-44.286381,"2,80"
12/2016,CM T13,-67.1345786/-44.286381,-67.1345786,-44.286381,"10,60"
12/2015,CM T14,-67.1155383/-44.3312975,-67.1155383,-44.3312975,"1,40"
12/2016,CM T14,-67.1155383/-44.3312975,-67.1155383,-44.3312975,"4,40"
12/2015,CM T15,-67.0828267/-44.3617559,-67.0828267,-44.3617559,"1,80"
12/2016,CM T15,-67.0828267/-44.3617559,-67.0828267,-44.3617559,"3,20"
12/2015,CM T16,-67.0420976/-44.3889847,-67.0420976,-44.3889847,"5,60"
12/2016,CM T16,-67.0420976/-44.3889847,-67.0420976,-44.3889847,"13,60"
12/2015,CM T17,-66.9929163/-44.4038673,-66.9929163,-44.4038673,"6,60"
12/2016,CM T17,-66.9929163/-44.4038673,-66.9929163,-44.4038673,"7,40"
12/2015,CM T18,-66.972927/-44.435254,-66.972927,-44.435254,"2,40"
12/2016,CM T18,-66.972927/-44.435254,-66.972927,-44.435254,"10,00"
12/2015,CM T19,-66.9590799/-44.4651814,-66.9590799,-44.4651814,"2,80"
12/2016,CM T19,-66.9590799/-44.4651814,-66.9590799,-44.4651814,"8,20"
12/2015,CM T20,-66.9083977/-44.4888446,-66.9083977,-44.4888446,"0,60"
12/2016,CM T20,-66.9083977/-44.4888446,-66.9083977,-44.4888446,"1,80"
12/2015,CM T21,-66.9762141/-44.5694708,-66.9762141,-44.5694708,"3,40"
12/2016,CM T21,-66.9762141/-44.5694708,-66.9762141,-44.5694708,"7,20"
12/2015,CM T22,-67.0299236/-44.5550602,-67.0299236,-44.5550602,"2,00"
12/2016,CM T22,-67.0299236/-44.5550602,-67.0299236,-44.5550602,"10,00"
12/2015,CM T23,-67.0551336/-44.5475398,-67.0551336,-44.5475398,"3,80"
12/2016,CM T23,-67.0551336/-44.5475398,-67.0551336,-44.5475398,"11,20"
12/2015,CM T24,-67.1001492/-44.547055,-67.1001492,-44.547055,"3,00"
12/2016,CM T24,-67.1001492/-44.547055,-67.1001492,-44.547055,"7,40"
12/2015,CM T25,-67.1596175/-44.5408215,-67.1596175,-44.5408215,"2,60"
12/2016,CM T25,-67.1596175/-44.5408215,-67.1596175,-44.5408215,"7,60"
01/2016,CM2 T01,-67.7499901/-43.3002768,-67.7499901,-43.3002768,"6,80"
01/2017,CM2 T01,-67.7499901/-43.3002768,-67.7499901,-43.3002768,"12,80"
01/2016,CM2 T02,-67.7203597/-43.3494344,-67.7203597,-43.3494344,"6,20"
01/2017,CM2 T02,-67.7203597/-43.3494344,-67.7203597,-43.3494344,"10,00"
01/2016,CM2 T03,-67.7260393/-43.3830634,-67.7260393,-43.3830634,"5,20"
01/2017,CM2 T03,-67.7260393/-43.3830634,-67.7260393,-43.3830634,"11,40"
01/2016,CM2 T04,-67.694329/-43.4238774,-67.694329,-43.4238774,"11,40"
01/2017,CM2 T04,-67.694329/-43.4238774,-67.694329,-43.4238774,"13,00"
01/2016,CM2 T05,-67.7194455/-43.4682516,-67.7194455,-43.4682516,"3,20"
01/2017,CM2 T05,-67.7194455/-43.4682516,-67.7194455,-43.4682516,"6,20"
01/2016,CM2 T06,-67.6520044/-43.4824269,-67.6520044,-43.4824269,"1,00"
01/2017,CM2 T06,-67.6520044/-43.4824269,-67.6520044,-43.4824269,"4,00"
01/2016,CM2 T07,-67.5776214/-43.5063148,-67.5776214,-43.5063148,"3,00"
01/2017,CM2 T07,-67.5776214/-43.5063148,-67.5776214,-43.5063148,"5,80"
01/2016,CM2 T08,-67.5139198/-43.5240368,-67.5139198,-43.5240368,"3,20"
01/2017,CM2 T08,-67.5139198/-43.5240368,-67.5139198,-43.5240368,"8,40"
01/2016,CM2 T09,-67.4723146/-43.531376,-67.4723146,-43.531376,"5,80"
01/2017,CM2 T09,-67.4723146/-43.531376,-67.4723146,-43.531376,"7,20"
01/2016,CM2 T10,-66.7234099/-43.5533132,-66.7234099,-43.5533132,"3,00"
01/2017,CM2 T10,-66.7234099/-43.5533132,-66.7234099,-43.5533132,"8,80"
01/2016,CM2 T11,-66.7863427/-43.4983133,-66.7863427,-43.4983133,"1,00"
01/2017,CM2 T11,-66.7863427/-43.4983133,-66.7863427,-43.4983133,"4,40"
01/2016,CM2 T12,-66.8577014/-43.4605031,-66.8577014,-43.4605031,"6,20"
01/2017,CM2 T12,-66.8577014/-43.4605031,-66.8577014,-43.4605031,"5,80"
01/2016,CM2 T13,-66.8893089/-43.3953555,-66.8893089,-43.3953555,"3,00"
01/2017,CM2 T13,-66.8893089/-43.3953555,-66.8893089,-43.3953555,"7,60"
01/2016,CM2 T14,-66.9705079/-43.3440942,-66.9705079,-43.3440942,"7,60"
01/2017,CM2 T14,-66.9705079/-43.3440942,-66.9705079,-43.3440942,"12,00"
01/2016,CM2 T15,-67.2104425/-43.076166,-67.2104425,-43.076166,"6,40"
01/2017,CM2 T15,-67.2104425/-43.076166,-67.2104425,-43.076166,"10,40"
01/2016,CM2 T16,-67.2519278/-43.0169183,-67.2519278,-43.0169183,"1,80"
01/2017,CM2 T16,-67.2519278/-43.0169183,-67.2519278,-43.0169183,"7,80"
01/2016,CM2 T17,-67.2868725/-42.954007,-67.2868725,-42.954007,"15,20"
01/2017,CM2 T17,-67.2868725/-42.954007,-67.2868725,-42.954007,"25,60"
01/2016,CM2 T18,-67.3718167/-42.921079,-67.3718167,-42.921079,"2,60"
01/2017,CM2 T18,-67.3718167/-42.921079,-67.3718167,-42.921079,"2,00"
01/2016,CM2 T19,-67.444265/-42.8928328,-67.444265,-42.8928328,"4,20"
01/2017,CM2 T19,-67.444265/-42.8928328,-67.444265,-42.8928328,"0,00"
01/2016,CM2 T20,-67.518845/-42.87925,-67.518845,-42.87925,"11,00"
01/2017,CM2 T20,-67.518845/-42.87925,-67.518845,-42.87925,"21,00"
01/2016,CM2 T21,-67.6363205/-42.8935306,-67.6363205,-42.8935306,"1,80"
01/2017,CM2 T21,-67.6363205/-42.8935306,-67.6363205,-42.8935306,"4,20"
02/2016,CM2 T22,-67.2226039/-43.3351336,-67.2226039,-43.3351336,"9,20"
01/2017,CM2 T22,-67.2226039/-43.3351336,-67.2226039,-43.3351336,"12,60"
02/2016,CM2 T23,-67.3085984/-43.345154,-67.3085984,-43.345154,"3,80"
01/2017,CM2 T23,-67.3085984/-43.345154,-67.3085984,-43.345154,"5,80"
02/2016,CM2 T24,-67.3921578/-43.3689057,-67.3921578,-43.3689057,"6,40"
01/2017,CM2 T24,-67.3921578/-43.3689057,-67.3921578,-43.3689057,"9,20"
02/2016,CM2 T25,-67.4814226/-43.3824985,-67.4814226,-43.3824985,"6,20"
01/2017,CM2 T25,-67.4814226/-43.3824985,-67.4814226,-43.3824985,"14,00"
02/2016,CP2 T01,-67.7838986/-43.4977699,-67.7838986,-43.4977699,"3,00"
01/2017,CP2 T01,-67.7838986/-43.4977699,-67.7838986,-43.4977699,"7,80"
02/2016,CP2 T02,-67.8784383/-43.5160923,-67.8784383,-43.5160923,"6,60"
01/2017,CP2 T02,-67.8784383/-43.5160923,-67.8784383,-43.5160923,"11,80"
02/2016,CP2 T03,-67.9589745/-43.5406249,-67.9589745,-43.5406249,"2,60"
01/2017,CP2 T03,-67.9589745/-43.5406249,-67.9589745,-43.5406249,"9,00"
02/2016,CP2 T04,-68.0431357/-43.5529752,-68.0431357,-43.5529752,"7,20"
01/2017,CP2 T04,-68.0431357/-43.5529752,-68.0431357,-43.5529752,"14,20"
02/2016,CP2 T05,-68.1454462/-43.5403228,-68.1454462,-43.5403228,"5,00"
01/2017,CP2 T05,-68.1454462/-43.5403228,-68.1454462,-43.5403228,"10,00"
02/2016,CP2 T06,-68.231108/-43.5122529,-68.231108,-43.5122529,"8,80"
01/2017,CP2 T06,-68.231108/-43.5122529,-68.231108,-43.5122529,"13,40"
02/2016,CP2 T07,-68.3240183/-43.506472,-68.3240183,-43.506472,"3,60"
01/2017,CP2 T07,-68.3240183/-43.506472,-68.3240183,-43.506472,"6,20"
02/2016,CP2 T08,-68.409472/-43.4685114,-68.409472,-43.4685114,"4,40"
01/2017,CP2 T08,-68.409472/-43.4685114,-68.409472,-43.4685114,"8,60"
02/2016,CP2 T09,-68.5116676/-43.4367634,-68.5116676,-43.4367634,"7,20"
01/2017,CP2 T09,-68.5116676/-43.4367634,-68.5116676,-43.4367634,"11,20"
02/2016,CP2 T10,-68.6020284/-43.4435682,-68.6020284,-43.4435682,"7,40"
01/2017,CP2 T10,-68.6020284/-43.4435682,-68.6020284,-43.4435682,"11,80"
02/2016,CP2 T11,-68.8130575/-43.4566326,-68.8130575,-43.4566326,"6,60"
01/2017,CP2 T11,-68.8130575/-43.4566326,-68.8130575,-43.4566326,"11,00"
02/2016,CP2 T12,-68.8356609/-43.5177279,-68.8356609,-43.5177279,"8,00"
01/2017,CP2 T12,-68.8356609/-43.5177279,-68.8356609,-43.5177279,"8,80"
02/2016,CP2 T13,-68.9024354/-43.5603622,-68.9024354,-43.5603622,"5,40"
01/2017,CP2 T13,-68.9024354/-43.5603622,-68.9024354,-43.5603622,"14,00"
02/2016,CP2 T14,-68.94512/-43.6129798,-68.94512,-43.6129798,"2,80"
01/2017,CP2 T14,-68.94512/-43.6129798,-68.94512,-43.6129798,"8,20"
02/2016,CP2 T15,-68.9277899/-43.6957299,-68.9277899,-43.6957299,"15,40"
01/2017,CP2 T15,-68.9277899/-43.6957299,-68.9277899,-43.6957299,"8,60"
02/2016,CP2 T16,-68.9524802/-43.7570688,-68.9524802,-43.7570688,"8,60"
01/2017,CP2 T16,-68.9524802/-43.7570688,-68.9524802,-43.7570688,"17,00"
02/2016,CP2 T17,-69.1456088/-44.0017744,-69.1456088,-44.0017744,"6,20"
01/2017,CP2 T17,-69.1456088/-44.0017744,-69.1456088,-44.0017744,"9,40"
02/2016,CP2 T18,-69.2060278/-44.0566183,-69.2060278,-44.0566183,"2,40"
01/2017,CP2 T18,-69.2060278/-44.0566183,-69.2060278,-44.0566183,"9,40"
02/2016,CP2 T19,-69.2688022/-44.10836,-69.2688022,-44.10836,"5,00"
01/2017,CP2 T19,-69.2688022/-44.10836,-69.2688022,-44.10836,"6,60"
02/2016,CP2 T20,-69.269206/-44.1728935,-69.269206,-44.1728935,"1,80"
01/2017,CP2 T20,-69.269206/-44.1728935,-69.269206,-44.1728935,"2,00"
02/2016,CP2 T21,-69.329533/-44.2254946,-69.329533,-44.2254946,"2,00"
01/2017,CP2 T21,-69.329533/-44.2254946,-69.329533,-44.2254946,"2,20"
02/2016,CP2 T22,-68.2325306/-44.2241725,-68.2325306,-44.2241725,"2,60"
01/2017,CP2 T22,-68.2325306/-44.2241725,-68.2325306,-44.2241725,"10,80"
02/2016,CP2 T23,-68.2892623/-44.2912477,-68.2892623,-44.2912477,"7,00"
01/2017,CP2 T23,-68.2892623/-44.2912477,-68.2892623,-44.2912477,"14,40"
02/2016,CP2 T24,-68.27305/-44.3615172,-68.27305,-44.3615172,"8,60"
01/2017,CP2 T24,-68.27305/-44.3615172,-68.27305,-44.3615172,"23,20"
02/2016,CP2 T25,-68.2519132/-44.4239358,-68.2519132,-44.4239358,"5,00"
01/2017,CP2 T25,-68.2519132/-44.4239358,-68.2519132,-44.4239358,"7,80"
12/2015,CPI T01,-68.9725582/-43.8936302,-68.9725582,-43.8936302,"7,60"
12/2016,CPI T01,-68.9725582/-43.8936302,-68.9725582,-43.8936302,"15,60"
12/2015,CPI T02,-68.8903582/-43.914771,-68.8903582,-43.914771,"0,80"
12/2016,CPI T02,-68.8903582/-43.914771,-68.8903582,-43.914771,"8,20"
12/2015,CPI T03,-68.8321295/-43.9387067,-68.8321295,-43.9387067,"6,40"
12/2016,CPI T03,-68.8321295/-43.9387067,-68.8321295,-43.9387067,"13,60"
12/2015,CPI T04,-68.7716945/-43.9476843,-68.7716945,-43.9476843,"3,40"
12/2016,CPI T04,-68.7716945/-43.9476843,-68.7716945,-43.9476843,"8,20"
12/2015,CPI T05,-68.7158443/-43.9685118,-68.7158443,-43.9685118,"10,60"
12/2016,CPI T05,-68.7158443/-43.9685118,-68.7158443,-43.9685118,"7,40"
12/2015,CPI T06,-68.6640155/-43.9994395,-68.6640155,-43.9994395,"3,00"
12/2016,CPI T06,-68.6640155/-43.9994395,-68.6640155,-43.9994395,"7,00"
12/2015,CPI T07,-68.6149961/-44.0401426,-68.6149961,-44.0401426,"2,00"
12/2016,CPI T07,-68.6149961/-44.0401426,-68.6149961,-44.0401426,"4,60"
12/2015,CPI T08,-68.5449817/-44.0811577,-68.5449817,-44.0811577,"4,20"
12/2016,CPI T08,-68.5449817/-44.0811577,-68.5449817,-44.0811577,"11,20"
12/2015,CPI T09,-68.532948/-44.1036755,-68.532948,-44.1036755,"1,60"
12/2016,CPI T09,-68.532948/-44.1036755,-68.532948,-44.1036755,"8,00"
12/2015,CPI T10,-68.4932317/-44.1328776,-68.4932317,-44.1328776,"9,40"
12/2016,CPI T10,-68.4932317/-44.1328776,-68.4932317,-44.1328776,"14,00"
12/2015,CPI T11,-68.442021/-44.1413336,-68.442021,-44.1413336,"5,20"
12/2016,CPI T11,-68.442021/-44.1413336,-68.442021,-44.1413336,"9,00"
12/2015,CPI T12,-68.3813182/-44.137084,-68.3813182,-44.137084,"6,00"
12/2016,CPI T12,-68.3813182/-44.137084,-68.3813182,-44.137084,"9,80"
12/2015,CPI T13,-68.3258145/-44.1412485,-68.3258145,-44.1412485,"2,80"
12/2016,CPI T13,-68.3258145/-44.1412485,-68.3258145,-44.1412485,"5,40"
12/2015,CPI T14,-68.2715097/-44.1559258,-68.2715097,-44.1559258,"9,60"
12/2016,CPI T14,-68.2715097/-44.1559258,-68.2715097,-44.1559258,"10,80"
12/2015,CPI T15,-68.2297549/-44.138724,-68.2297549,-44.138724,"4,20"
12/2016,CPI T15,-68.2297549/-44.138724,-68.2297549,-44.138724,"7,40"
12/2015,CPI T16,-68.1632257/-44.1211922,-68.1632257,-44.1211922,"1,20"
12/2016,CPI T16,-68.1632257/-44.1211922,-68.1632257,-44.1211922,"8,20"
12/2015,CPI T17,-68.0974757/-44.0983185,-68.0974757,-44.0983185,"2,20"
12/2016,CPI T17,-68.0974757/-44.0983185,-68.0974757,-44.0983185,"4,00"
12/2015,CPI T18,-68.0276266/-44.1065095,-68.0276266,-44.1065095,"4,00"
12/2016,CPI T18,-68.0276266/-44.1065095,-68.0276266,-44.1065095,"7,00"
12/2015,CPI T19,-67.9464316/-44.1082811,-67.9464316,-44.1082811,"3,00"
12/2016,CPI T19,-67.9464316/-44.1082811,-67.9464316,-44.1082811,"13,40"
12/2015,CPI T20,-67.9195143/-44.0655771,-67.9195143,-44.0655771,"0,80"
12/2016,CPI T20,-67.9195143/-44.0655771,-67.9195143,-44.0655771,"3,80"
12/2015,CPI T21,-67.8956266/-44.0280996,-67.8956266,-44.0280996,"0,60"
12/2016,CPI T21,-67.8956266/-44.0280996,-67.8956266,-44.0280996,"3,00"
12/2015,CPI T22,-67.8529614/-43.9963911,-67.8529614,-43.9963911,"0,20"
12/2016,CPI T22,-67.8529614/-43.9963911,-67.8529614,-43.9963911,"6,60"
12/2015,CPI T23,-67.7994073/-43.9815177,-67.7994073,-43.9815177,"0,60"
12/2016,CPI T23,-67.7994073/-43.9815177,-67.7994073,-43.9815177,"6,60"
12/2015,CPI T24,-67.7435142/-43.9903242,-67.7435142,-43.9903242,"2,00"
12/2016,CPI T24,-67.7435142/-43.9903242,-67.7435142,-43.9903242,"6,00"
12/2015,CPI T25,-67.6819531/-43.9600646,-67.6819531,-43.9600646,"3,00"
12/2016,CPI T25,-67.6819531/-43.9600646,-67.6819531,-43.9600646,"11,40"
12/2015,CT T01,-65.9865156/-42.7808681,-65.9865156,-42.7808681,"0,00"
11/2016,CT T01,-65.9865156/-42.7808681,-65.9865156,-42.7808681,"11,00"
12/2015,CT T02,-66.0723216/-42.745209,-66.0723216,-42.745209,"10,40"
11/2016,CT T02,-66.0723216/-42.745209,-66.0723216,-42.745209,"8,20"
12/2015,CT T03,-66.1789468/-42.70367,-66.1789468,-42.70367,"5,20"
11/2016,CT T03,-66.1789468/-42.70367,-66.1789468,-42.70367,"12,60"
12/2015,CT T04,-66.2650973/-42.6685643,-66.2650973,-42.6685643,"6,20"
11/2016,CT T04,-66.2650973/-42.6685643,-66.2650973,-42.6685643,"17,80"
12/2015,CT T05,-66.3562885/-42.6337209,-66.3562885,-42.6337209,"12,80"
11/2016,CT T05,-66.3562885/-42.6337209,-66.3562885,-42.6337209,"12,80"
12/2015,CT T06,-66.450516/-42.6296147,-66.450516,-42.6296147,"12,00"
11/2016,CT T06,-66.450516/-42.6296147,-66.450516,-42.6296147,"23,80"
12/2015,CT T07,-66.516763/-42.5948521,-66.516763,-42.5948521,"7,80"
11/2016,CT T07,-66.516763/-42.5948521,-66.516763,-42.5948521,"18,00"
12/2015,CT T08,-66.566499/-42.5593365,-66.566499,-42.5593365,"8,40"
11/2016,CT T08,-66.566499/-42.5593365,-66.566499,-42.5593365,"29,40"
12/2015,CT T09,-66.6527669/-42.5253589,-66.6527669,-42.5253589,"15,60"
11/2016,CT T09,-66.6527669/-42.5253589,-66.6527669,-42.5253589,"17,00"
12/2015,CT T10,-66.74786/-42.5177677,-66.74786,-42.5177677,"4,80"
11/2016,CT T10,-66.74786/-42.5177677,-66.74786,-42.5177677,"17,80"
12/2015,CT T11,-66.8306469/-42.4794786,-66.8306469,-42.4794786,"4,40"
11/2016,CT T11,-66.8306469/-42.4794786,-66.8306469,-42.4794786,"10,40"
12/2015,CT T12,-66.9172531/-42.4457467,-66.9172531,-42.4457467,"9,40"
11/2016,CT T12,-66.9172531/-42.4457467,-66.9172531,-42.4457467,"14,80"
12/2015,CT T13,-67.0167955/-42.4475389,-67.0167955,-42.4475389,"4,40"
11/2016,CT T13,-67.0167955/-42.4475389,-67.0167955,-42.4475389,"9,80"
12/2015,CT T14,-67.1101317/-42.4559747,-67.1101317,-42.4559747,"12,60"
11/2016,CT T14,-67.1101317/-42.4559747,-67.1101317,-42.4559747,"17,00"
12/2015,CT T15,-67.2010943/-42.4402247,-67.2010943,-42.4402247,"2,60"
11/2016,CT T15,-67.2010943/-42.4402247,-67.2010943,-42.4402247,"16,60"
12/2015,CT T16,-67.2927362/-42.4202116,-67.2927362,-42.4202116,"1,00"
11/2016,CT T16,-67.2927362/-42.4202116,-67.2927362,-42.4202116,"14,40"
12/2015,CT T17,-67.3683983/-42.3818189,-67.3683983,-42.3818189,"0,40"
11/2016,CT T17,-67.3683983/-42.3818189,-67.3683983,-42.3818189,"12,60"
12/2015,CT T18,-67.4637046/-42.3658195,-67.4637046,-42.3658195,"2,60"
11/2016,CT T18,-67.4637046/-42.3658195,-67.4637046,-42.3658195,"14,00"
11/2015,CT T19,-67.5599729/-42.3676237,-67.5599729,-42.3676237,"1,20"
11/2016,CT T19,-67.5599729/-42.3676237,-67.5599729,-42.3676237,"10,80"
11/2015,CT T20,-67.6564165/-42.3666744,-67.6564165,-42.3666744,"1,40"
11/2016,CT T20,-67.6564165/-42.3666744,-67.6564165,-42.3666744,"15,60"
11/2015,CT T21,-67.7426556/-42.4041318,-67.7426556,-42.4041318,"1,80"
11/2016,CT T21,-67.7426556/-42.4041318,-67.7426556,-42.4041318,"15,00"
11/2015,CT T22,-67.8193208/-42.4495707,-67.8193208,-42.4495707,"0,00"
11/2016,CT T22,-67.8193208/-42.4495707,-67.8193208,-42.4495707,"4,20"
11/2015,CT T23,-67.9014235/-42.4909961,-67.9014235,-42.4909961,"0,60"
11/2016,CT T23,-67.9014235/-42.4909961,-67.9014235,-42.4909961,"3,40"
11/2015,CT T24,-67.9922728/-42.5197404,-67.9922728,-42.5197404,"3,80"
11/2016,CT T24,-67.9922728/-42.5197404,-67.9922728,-42.5197404,"13,00"
11/2015,CT T25,-68.0889293/-42.5306014,-68.0889293,-42.5306014,"2,00"
11/2016,CT T25,-68.0889293/-42.5306014,-68.0889293,-42.5306014,"7,20"
01/2016,CT2 T01,-67.9595505/-42.845296,-67.9595505,-42.845296,"3,40"
01/2017,CT2 T01,-67.9595505/-42.845296,-67.9595505,-42.845296,"2,60"
01/2016,CT2 T02,-68.0165657/-42.8098792,-68.0165657,-42.8098792,"7,60"
01/2017,CT2 T02,-68.0165657/-42.8098792,-68.0165657,-42.8098792,"7,60"
01/2016,CT2 T03,-68.053823/-42.7533165,-68.053823,-42.7533165,"4,00"
01/2017,CT2 T03,-68.053823/-42.7533165,-68.053823,-42.7533165,"5,40"
01/2016,CT2 T04,-68.0694247/-42.6907972,-68.0694247,-42.6907972,"3,40"
01/2017,CT2 T04,-68.0694247/-42.6907972,-68.0694247,-42.6907972,"10,00"
01/2016,CT2 T05,-68.0733333/-42.6276644,-68.0733333,-42.6276644,"2,00"
01/2017,CT2 T05,-68.0733333/-42.6276644,-68.0733333,-42.6276644,"16,60"
01/2016,CT2 T06,-68.1302374/-42.5725274,-68.1302374,-42.5725274,"6,20"
01/2017,CT2 T06,-68.1302374/-42.5725274,-68.1302374,-42.5725274,"13,20"
01/2016,CT2 T07,-68.2104051/-42.5299848,-68.2104051,-42.5299848,"6,60"
01/2017,CT2 T07,-68.2104051/-42.5299848,-68.2104051,-42.5299848,"9,80"
01/2016,CT2 T08,-68.2688529/-42.54953,-68.2688529,-42.54953,"3,20"
01/2017,CT2 T08,-68.2688529/-42.54953,-68.2688529,-42.54953,"7,00"
01/2016,CT2 T09,-68.2660881/-42.6173623,-68.2660881,-42.6173623,"2,00"
01/2017,CT2 T09,-68.2660881/-42.6173623,-68.2660881,-42.6173623,"5,20"
01/2016,CT2 T10,-68.2262899/-42.666372,-68.2262899,-42.666372,"4,00"
01/2017,CT2 T10,-68.2262899/-42.666372,-68.2262899,-42.666372,"11,40"
01/2016,CT2 T11,-68.2638269/-42.7218678,-68.2638269,-42.7218678,"3,00"
01/2017,CT2 T11,-68.2638269/-42.7218678,-68.2638269,-42.7218678,"9,60"
01/2016,CT2 T12,-68.2247554/-42.7672075,-68.2247554,-42.7672075,"10,40"
01/2017,CT2 T12,-68.2247554/-42.7672075,-68.2247554,-42.7672075,"10,40"
01/2016,CT2 T13,-68.1792331/-42.8093797,-68.1792331,-42.8093797,"5,00"
01/2017,CT2 T13,-68.1792331/-42.8093797,-68.1792331,-42.8093797,"7,00"
01/2016,CT2 T14,-68.1024761/-42.8341345,-68.1024761,-42.8341345,"11,60"
01/2017,CT2 T14,-68.1024761/-42.8341345,-68.1024761,-42.8341345,"13,00"
01/2016,CT2 T15,-68.0472067/-42.8759968,-68.0472067,-42.8759968,"4,00"
01/2017,CT2 T15,-68.0472067/-42.8759968,-68.0472067,-42.8759968,"2,60"
01/2016,CT2 T16,-67.978766/-42.8729725,-67.978766,-42.8729725,"7,80"
01/2017,CT2 T16,-67.978766/-42.8729725,-67.978766,-42.8729725,"9,80"
02/2016,CT2 T17,-66.7515565/-42.5272066,-66.7515565,-42.5272066,"9,20"
01/2017,CT2 T17,-66.7515565/-42.5272066,-66.7515565,-42.5272066,"5,80"
02/2016,CT2 T18,-66.8109092/-42.5311179,-66.8109092,-42.5311179,"12,80"
01/2017,CT2 T18,-66.8109092/-42.5311179,-66.8109092,-42.5311179,"12,20"
02/2016,CT2 T19,-66.8353454/-42.564815,-66.8353454,-42.564815,"8,00"
01/2017,CT2 T19,-66.8353454/-42.564815,-66.8353454,-42.564815,"7,80"
02/2016,CT2 T20,-66.8533072/-42.596454,-66.8533072,-42.596454,"12,60"
01/2017,CT2 T20,-66.8533072/-42.596454,-66.8533072,-42.596454,"7,80"
02/2016,CT2 T21,-65.9446227/-42.6019474,-65.9446227,-42.6019474,"14,60"
01/2017,CT2 T21,-65.9446227/-42.6019474,-65.9446227,-42.6019474,"15,40"
02/2016,CT2 T22,-65.9904844/-42.577312,-65.9904844,-42.577312,"9,00"
01/2017,CT2 T22,-65.9904844/-42.577312,-65.9904844,-42.577312,"11,20"
02/2016,CT2 T23,-66.0338334/-42.5443476,-66.0338334,-42.5443476,"14,00"
01/2017,CT2 T23,-66.0338334/-42.5443476,-66.0338334,-42.5443476,"13,00"
02/2016,CT2 T24,-66.082257/-42.5184357,-66.082257,-42.5184357,"17,00"
01/2017,CT2 T24,-66.082257/-42.5184357,-66.082257,-42.5184357,"11,40"
02/2016,CT2 T25,-66.1336747/-42.4956508,-66.1336747,-42.4956508,"6,00"
01/2017,CT2 T25,-66.1336747/-42.4956508,-66.1336747,-42.4956508,"15,80"